<?xml version="1.0" encoding="UTF-8" standalone="yes"?>
<addon id="plugin.video.FreeKodiWizard" name="Free Kodi Wizard" version="1.0.0" provider-name="Steve">
  <requires>
    <import addon="xbmc.python" version="2.1.0"/>
  </requires>
  <extension point="xbmc.python.pluginsource" library="default.py">
        <provides>program executable</provides>
  </extension>
  <extension point="xbmc.addon.metadata">
    <summary lang="en">Free Kodi Wizard</summary>
    <description lang="en">Free Kodi Wizard</description>
	<website>http://SimpleKodi.com</website>
    <platform>all</platform>
  </extension>
</addon>
